category,amount,percentage
ENT & EEE committees,127717.29000000001,8.634938207025076
Other committees,1351358.6099999999,91.36506179297493
