Utility,2025 session,2026 session
BGE,7471.820000000001,8069.290000000001
Constellation,4200.0,15130.51
Pepco,3297.98,8515.779999999999
Washington Gas,9716.15,15003.75
