utility,2025 session,2026 session
Constellation,4200,15130.51
Washington Gas,9716.15,15003.75
Pepco,3297.98,8515.779999999999
BGE,7471.820000000001,8069.290000000001
Choptank Electric,7000,6110.47
Chesapeake Utilities,0,2312.59
